
INSERT INTO Configuracao( id, confGeral, confNFe, confFiscal, confProd, confVendas, confCMTP, confEntrada, confCarne,parentId,tabelaEnumValue,emprId,processId,create_user,create_date,modify_user,modify_date)values
( 10000, 'confGeral_1', 'confNFe_2', 'confFiscal_3', 'confProd_4', 'confVendas_5', 'confCMTP_6', 'confEntrada_7', 'confCarne_8',1,1,1,1,'system',1469713027497,'rod',1469713027497);

INSERT INTO Configuracao( id, confGeral, confNFe, confFiscal, confProd, confVendas, confCMTP, confEntrada, confCarne,parentId,tabelaEnumValue,emprId,processId,create_user,create_date,modify_user,modify_date)values
( 10001, 'confGeral_1', 'confNFe_2', 'confFiscal_3', 'confProd_4', 'confVendas_5', 'confCMTP_6', 'confEntrada_7', 'confCarne_8',1,1,1,1,'system',1469713027497,'rod',1469713027497);

INSERT INTO Configuracao( id, confGeral, confNFe, confFiscal, confProd, confVendas, confCMTP, confEntrada, confCarne,parentId,tabelaEnumValue,emprId,processId,create_user,create_date,modify_user,modify_date)values
( 10002, 'confGeral_1', 'confNFe_2', 'confFiscal_3', 'confProd_4', 'confVendas_5', 'confCMTP_6', 'confEntrada_7', 'confCarne_8',1,1,1,1,'system',1469713027497,'rod',1469713027497);

INSERT INTO Configuracao( id, confGeral, confNFe, confFiscal, confProd, confVendas, confCMTP, confEntrada, confCarne,parentId,tabelaEnumValue,emprId,processId,create_user,create_date,modify_user,modify_date)values
( 10003, 'confGeral_1', 'confNFe_2', 'confFiscal_3', 'confProd_4', 'confVendas_5', 'confCMTP_6', 'confEntrada_7', 'confCarne_8',1,1,1,1,'system',1469713027497,'rod',1469713027497);

INSERT INTO Configuracao( id, confGeral, confNFe, confFiscal, confProd, confVendas, confCMTP, confEntrada, confCarne,parentId,tabelaEnumValue,emprId,processId,create_user,create_date,modify_user,modify_date)values
( 10004, 'confGeral_1', 'confNFe_2', 'confFiscal_3', 'confProd_4', 'confVendas_5', 'confCMTP_6', 'confEntrada_7', 'confCarne_8',1,1,1,1,'system',1469713027497,'rod',1469713027497);

INSERT INTO Boleto( id, ativarBolOnLine, tipoBoleto, agencia, cedente, juros, tipoCalcMora, mora, instrucoes, demonstrativo, impJuros,create_user,create_date,modify_user,modify_date)values
( 10000,true, 'tipoBoleto_2', 10000, 10000, 10000, 'tipoCalcMora_6', 10000, 'instrucoes_8', 'demonstrativo_9',true,'system',1469713027497,'rod',1469713027497);

INSERT INTO Boleto( id, ativarBolOnLine, tipoBoleto, agencia, cedente, juros, tipoCalcMora, mora, instrucoes, demonstrativo, impJuros,create_user,create_date,modify_user,modify_date)values
( 10001,true, 'tipoBoleto_2', 10001, 10001, 10001, 'tipoCalcMora_6', 10001, 'instrucoes_8', 'demonstrativo_9',true,'system',1469713027497,'rod',1469713027497);

INSERT INTO Boleto( id, ativarBolOnLine, tipoBoleto, agencia, cedente, juros, tipoCalcMora, mora, instrucoes, demonstrativo, impJuros,create_user,create_date,modify_user,modify_date)values
( 10002,true, 'tipoBoleto_2', 10002, 10002, 10002, 'tipoCalcMora_6', 10002, 'instrucoes_8', 'demonstrativo_9',true,'system',1469713027497,'rod',1469713027497);

INSERT INTO Boleto( id, ativarBolOnLine, tipoBoleto, agencia, cedente, juros, tipoCalcMora, mora, instrucoes, demonstrativo, impJuros,create_user,create_date,modify_user,modify_date)values
( 10003,true, 'tipoBoleto_2', 10003, 10003, 10003, 'tipoCalcMora_6', 10003, 'instrucoes_8', 'demonstrativo_9',true,'system',1469713027498,'rod',1469713027498);

INSERT INTO Boleto( id, ativarBolOnLine, tipoBoleto, agencia, cedente, juros, tipoCalcMora, mora, instrucoes, demonstrativo, impJuros,create_user,create_date,modify_user,modify_date)values
( 10004,true, 'tipoBoleto_2', 10004, 10004, 10004, 'tipoCalcMora_6', 10004, 'instrucoes_8', 'demonstrativo_9',true,'system',1469713027498,'rod',1469713027498);

INSERT INTO Carne( id, carneBotelo, carneNormal,create_user,create_date,modify_user,modify_date)values
( 10000,true,true,'system',1469713027498,'rod',1469713027498);

INSERT INTO Carne( id, carneBotelo, carneNormal,create_user,create_date,modify_user,modify_date)values
( 10001,true,true,'system',1469713027498,'rod',1469713027498);

INSERT INTO Carne( id, carneBotelo, carneNormal,create_user,create_date,modify_user,modify_date)values
( 10002,true,true,'system',1469713027498,'rod',1469713027498);

INSERT INTO Carne( id, carneBotelo, carneNormal,create_user,create_date,modify_user,modify_date)values
( 10003,true,true,'system',1469713027498,'rod',1469713027498);

INSERT INTO Carne( id, carneBotelo, carneNormal,create_user,create_date,modify_user,modify_date)values
( 10004,true,true,'system',1469713027498,'rod',1469713027498);

INSERT INTO Entrada( id, valorTotalFixo, manterPrecoVendaProd,create_user,create_date,modify_user,modify_date)values
( 10000,true,true,'system',1469713027498,'rod',1469713027498);

INSERT INTO Entrada( id, valorTotalFixo, manterPrecoVendaProd,create_user,create_date,modify_user,modify_date)values
( 10001,true,true,'system',1469713027498,'rod',1469713027498);

INSERT INTO Entrada( id, valorTotalFixo, manterPrecoVendaProd,create_user,create_date,modify_user,modify_date)values
( 10002,true,true,'system',1469713027498,'rod',1469713027498);

INSERT INTO Entrada( id, valorTotalFixo, manterPrecoVendaProd,create_user,create_date,modify_user,modify_date)values
( 10003,true,true,'system',1469713027498,'rod',1469713027498);

INSERT INTO Entrada( id, valorTotalFixo, manterPrecoVendaProd,create_user,create_date,modify_user,modify_date)values
( 10004,true,true,'system',1469713027498,'rod',1469713027498);

INSERT INTO Fiscal( id, princAtividade, regime, aliqSimples,create_user,create_date,modify_user,modify_date)values
( 10000, 'princAtividade_1', 'regime_2', 10000,'system',1469713027498,'rod',1469713027498);

INSERT INTO Fiscal( id, princAtividade, regime, aliqSimples,create_user,create_date,modify_user,modify_date)values
( 10001, 'princAtividade_1', 'regime_2', 10001,'system',1469713027498,'rod',1469713027498);

INSERT INTO Fiscal( id, princAtividade, regime, aliqSimples,create_user,create_date,modify_user,modify_date)values
( 10002, 'princAtividade_1', 'regime_2', 10002,'system',1469713027498,'rod',1469713027498);

INSERT INTO Fiscal( id, princAtividade, regime, aliqSimples,create_user,create_date,modify_user,modify_date)values
( 10003, 'princAtividade_1', 'regime_2', 10003,'system',1469713027498,'rod',1469713027498);

INSERT INTO Fiscal( id, princAtividade, regime, aliqSimples,create_user,create_date,modify_user,modify_date)values
( 10004, 'princAtividade_1', 'regime_2', 10004,'system',1469713027498,'rod',1469713027498);

INSERT INTO Alertas( id, estoqMin, estoqMax, erroNFe, pdCompra,create_user,create_date,modify_user,modify_date)values
( 10000,true,true,true,true,'system',1469713027498,'rod',1469713027498);

INSERT INTO Alertas( id, estoqMin, estoqMax, erroNFe, pdCompra,create_user,create_date,modify_user,modify_date)values
( 10001,true,true,true,true,'system',1469713027498,'rod',1469713027498);

INSERT INTO Alertas( id, estoqMin, estoqMax, erroNFe, pdCompra,create_user,create_date,modify_user,modify_date)values
( 10002,true,true,true,true,'system',1469713027498,'rod',1469713027498);

INSERT INTO Alertas( id, estoqMin, estoqMax, erroNFe, pdCompra,create_user,create_date,modify_user,modify_date)values
( 10003,true,true,true,true,'system',1469713027498,'rod',1469713027498);

INSERT INTO Alertas( id, estoqMin, estoqMax, erroNFe, pdCompra,create_user,create_date,modify_user,modify_date)values
( 10004,true,true,true,true,'system',1469713027498,'rod',1469713027498);

INSERT INTO Geral( id, fusoHorario, casasDecimais, diasCartaCobr, infPosicionarMouse, cnpjCPFUnico, impCodPersonalizado, logListRelImp, obsProdFinProd,create_user,create_date,modify_user,modify_date)values
( 10000, 10000, 10000, 10000,true,true,true,true,true,'system',1469713027498,'rod',1469713027498);

INSERT INTO Geral( id, fusoHorario, casasDecimais, diasCartaCobr, infPosicionarMouse, cnpjCPFUnico, impCodPersonalizado, logListRelImp, obsProdFinProd,create_user,create_date,modify_user,modify_date)values
( 10001, 10001, 10001, 10001,true,true,true,true,true,'system',1469713027498,'rod',1469713027498);

INSERT INTO Geral( id, fusoHorario, casasDecimais, diasCartaCobr, infPosicionarMouse, cnpjCPFUnico, impCodPersonalizado, logListRelImp, obsProdFinProd,create_user,create_date,modify_user,modify_date)values
( 10002, 10002, 10002, 10002,true,true,true,true,true,'system',1469713027498,'rod',1469713027498);

INSERT INTO Geral( id, fusoHorario, casasDecimais, diasCartaCobr, infPosicionarMouse, cnpjCPFUnico, impCodPersonalizado, logListRelImp, obsProdFinProd,create_user,create_date,modify_user,modify_date)values
( 10003, 10003, 10003, 10003,true,true,true,true,true,'system',1469713027498,'rod',1469713027498);

INSERT INTO Geral( id, fusoHorario, casasDecimais, diasCartaCobr, infPosicionarMouse, cnpjCPFUnico, impCodPersonalizado, logListRelImp, obsProdFinProd,create_user,create_date,modify_user,modify_date)values
( 10004, 10004, 10004, 10004,true,true,true,true,true,'system',1469713027498,'rod',1469713027498);

INSERT INTO ConfProduto( id, cfop, icmsSitTrib, icmsOrigem, icmsModalidadeBC, icmsRedBaseCalc, icmsAliq, icmsMotDesoneracao, icmsModBCST, icmsMargValAdic, icmsRedBaseCalcST, icmsPrecoUnitPautaST, icmsAliqST, ipiSitTrib, ipiClasCigarroBebida, ipiCNPJProd, ipiCodSeloCont, ipiQtdSelo, ipiCodEnquad, ipiTipCalc, ipiAliq, pisSitTrib, pisAliq, pisValUnidtrib, pistipoCalcSubstTrib, pisAliqST, pisValorAliqST, cofinsSubstTrib, cofinsAliq, cofinsValorAliq, cofinsTipoCalcSubstTrib, cofinsAliqST, cofinsValorAliqST,create_user,create_date,modify_user,modify_date)values
( 10000, 'cfop_1', 'icmsSitTrib_2', 'icmsOrigem_3', 'icmsModalidadeBC_4', 10000, 10000, 'icmsMotDesoneracao_7', 'icmsModBCST_8', 10000, 10000, 10000, 10000, 'ipiSitTrib_13', 10000, 'ipiCNPJProd_15', 'ipiCodSeloCont_16', 10000, 10000, 'ipiTipCalc_19', 10000, 'pisSitTrib_21', 10000, 10000, 'pistipoCalcSubstTrib_24', 10000, 10000, 'cofinsSubstTrib_27', 10000, 10000, 'cofinsTipoCalcSubstTrib_30', 10000, 10000,'system',1469713027498,'rod',1469713027498);

INSERT INTO ConfProduto( id, cfop, icmsSitTrib, icmsOrigem, icmsModalidadeBC, icmsRedBaseCalc, icmsAliq, icmsMotDesoneracao, icmsModBCST, icmsMargValAdic, icmsRedBaseCalcST, icmsPrecoUnitPautaST, icmsAliqST, ipiSitTrib, ipiClasCigarroBebida, ipiCNPJProd, ipiCodSeloCont, ipiQtdSelo, ipiCodEnquad, ipiTipCalc, ipiAliq, pisSitTrib, pisAliq, pisValUnidtrib, pistipoCalcSubstTrib, pisAliqST, pisValorAliqST, cofinsSubstTrib, cofinsAliq, cofinsValorAliq, cofinsTipoCalcSubstTrib, cofinsAliqST, cofinsValorAliqST,create_user,create_date,modify_user,modify_date)values
( 10001, 'cfop_1', 'icmsSitTrib_2', 'icmsOrigem_3', 'icmsModalidadeBC_4', 10001, 10001, 'icmsMotDesoneracao_7', 'icmsModBCST_8', 10001, 10001, 10001, 10001, 'ipiSitTrib_13', 10001, 'ipiCNPJProd_15', 'ipiCodSeloCont_16', 10001, 10001, 'ipiTipCalc_19', 10001, 'pisSitTrib_21', 10001, 10001, 'pistipoCalcSubstTrib_24', 10001, 10001, 'cofinsSubstTrib_27', 10001, 10001, 'cofinsTipoCalcSubstTrib_30', 10001, 10001,'system',1469713027498,'rod',1469713027498);

INSERT INTO ConfProduto( id, cfop, icmsSitTrib, icmsOrigem, icmsModalidadeBC, icmsRedBaseCalc, icmsAliq, icmsMotDesoneracao, icmsModBCST, icmsMargValAdic, icmsRedBaseCalcST, icmsPrecoUnitPautaST, icmsAliqST, ipiSitTrib, ipiClasCigarroBebida, ipiCNPJProd, ipiCodSeloCont, ipiQtdSelo, ipiCodEnquad, ipiTipCalc, ipiAliq, pisSitTrib, pisAliq, pisValUnidtrib, pistipoCalcSubstTrib, pisAliqST, pisValorAliqST, cofinsSubstTrib, cofinsAliq, cofinsValorAliq, cofinsTipoCalcSubstTrib, cofinsAliqST, cofinsValorAliqST,create_user,create_date,modify_user,modify_date)values
( 10002, 'cfop_1', 'icmsSitTrib_2', 'icmsOrigem_3', 'icmsModalidadeBC_4', 10002, 10002, 'icmsMotDesoneracao_7', 'icmsModBCST_8', 10002, 10002, 10002, 10002, 'ipiSitTrib_13', 10002, 'ipiCNPJProd_15', 'ipiCodSeloCont_16', 10002, 10002, 'ipiTipCalc_19', 10002, 'pisSitTrib_21', 10002, 10002, 'pistipoCalcSubstTrib_24', 10002, 10002, 'cofinsSubstTrib_27', 10002, 10002, 'cofinsTipoCalcSubstTrib_30', 10002, 10002,'system',1469713027498,'rod',1469713027498);

INSERT INTO ConfProduto( id, cfop, icmsSitTrib, icmsOrigem, icmsModalidadeBC, icmsRedBaseCalc, icmsAliq, icmsMotDesoneracao, icmsModBCST, icmsMargValAdic, icmsRedBaseCalcST, icmsPrecoUnitPautaST, icmsAliqST, ipiSitTrib, ipiClasCigarroBebida, ipiCNPJProd, ipiCodSeloCont, ipiQtdSelo, ipiCodEnquad, ipiTipCalc, ipiAliq, pisSitTrib, pisAliq, pisValUnidtrib, pistipoCalcSubstTrib, pisAliqST, pisValorAliqST, cofinsSubstTrib, cofinsAliq, cofinsValorAliq, cofinsTipoCalcSubstTrib, cofinsAliqST, cofinsValorAliqST,create_user,create_date,modify_user,modify_date)values
( 10003, 'cfop_1', 'icmsSitTrib_2', 'icmsOrigem_3', 'icmsModalidadeBC_4', 10003, 10003, 'icmsMotDesoneracao_7', 'icmsModBCST_8', 10003, 10003, 10003, 10003, 'ipiSitTrib_13', 10003, 'ipiCNPJProd_15', 'ipiCodSeloCont_16', 10003, 10003, 'ipiTipCalc_19', 10003, 'pisSitTrib_21', 10003, 10003, 'pistipoCalcSubstTrib_24', 10003, 10003, 'cofinsSubstTrib_27', 10003, 10003, 'cofinsTipoCalcSubstTrib_30', 10003, 10003,'system',1469713027499,'rod',1469713027499);

INSERT INTO ConfProduto( id, cfop, icmsSitTrib, icmsOrigem, icmsModalidadeBC, icmsRedBaseCalc, icmsAliq, icmsMotDesoneracao, icmsModBCST, icmsMargValAdic, icmsRedBaseCalcST, icmsPrecoUnitPautaST, icmsAliqST, ipiSitTrib, ipiClasCigarroBebida, ipiCNPJProd, ipiCodSeloCont, ipiQtdSelo, ipiCodEnquad, ipiTipCalc, ipiAliq, pisSitTrib, pisAliq, pisValUnidtrib, pistipoCalcSubstTrib, pisAliqST, pisValorAliqST, cofinsSubstTrib, cofinsAliq, cofinsValorAliq, cofinsTipoCalcSubstTrib, cofinsAliqST, cofinsValorAliqST,create_user,create_date,modify_user,modify_date)values
( 10004, 'cfop_1', 'icmsSitTrib_2', 'icmsOrigem_3', 'icmsModalidadeBC_4', 10004, 10004, 'icmsMotDesoneracao_7', 'icmsModBCST_8', 10004, 10004, 10004, 10004, 'ipiSitTrib_13', 10004, 'ipiCNPJProd_15', 'ipiCodSeloCont_16', 10004, 10004, 'ipiTipCalc_19', 10004, 'pisSitTrib_21', 10004, 10004, 'pistipoCalcSubstTrib_24', 10004, 10004, 'cofinsSubstTrib_27', 10004, 10004, 'cofinsTipoCalcSubstTrib_30', 10004, 10004,'system',1469713027499,'rod',1469713027499);

INSERT INTO SMTP( id, servSMTP, porta, endEmail, usuario, senha, seguranca,create_user,create_date,modify_user,modify_date)values
( 10000, 'servSMTP_1', 'porta_2', 'endEmail_3', 'usuario_4', 'senha_5', 'seguranca_6','system',1469713027499,'rod',1469713027499);

INSERT INTO SMTP( id, servSMTP, porta, endEmail, usuario, senha, seguranca,create_user,create_date,modify_user,modify_date)values
( 10001, 'servSMTP_1', 'porta_2', 'endEmail_3', 'usuario_4', 'senha_5', 'seguranca_6','system',1469713027499,'rod',1469713027499);

INSERT INTO SMTP( id, servSMTP, porta, endEmail, usuario, senha, seguranca,create_user,create_date,modify_user,modify_date)values
( 10002, 'servSMTP_1', 'porta_2', 'endEmail_3', 'usuario_4', 'senha_5', 'seguranca_6','system',1469713027499,'rod',1469713027499);

INSERT INTO SMTP( id, servSMTP, porta, endEmail, usuario, senha, seguranca,create_user,create_date,modify_user,modify_date)values
( 10003, 'servSMTP_1', 'porta_2', 'endEmail_3', 'usuario_4', 'senha_5', 'seguranca_6','system',1469713027499,'rod',1469713027499);

INSERT INTO SMTP( id, servSMTP, porta, endEmail, usuario, senha, seguranca,create_user,create_date,modify_user,modify_date)values
( 10004, 'servSMTP_1', 'porta_2', 'endEmail_3', 'usuario_4', 'senha_5', 'seguranca_6','system',1469713027499,'rod',1469713027499);

INSERT INTO ConfNFE( id, presCompr, destConsFinal, preencherDataHora, icmsPadrao, ipiPadrao, pisPadrao, cofinsPadrao, ambienteEnvio, servMsmNota, serieEnvio, anexarXmlEmail, idCSC, cSC, informacaoAdd, certificado, senha, salvarSenha, cfopPadrao, confSMTP,create_user,create_date,modify_user,modify_date)values
( 10000, 'presCompr_1',true, 1469713027499, 10000, 10000, 10000, 10000, 'ambienteEnvio_8', 10000, 'serieEnvio_10',true, 'idCSC_12', 'cSC_13', 'informacaoAdd_14', 'certificado_15', 'senha_16',true, 'cfopPadrao_18', 'confSMTP_19','system',1469713027499,'rod',1469713027499);

INSERT INTO ConfNFE( id, presCompr, destConsFinal, preencherDataHora, icmsPadrao, ipiPadrao, pisPadrao, cofinsPadrao, ambienteEnvio, servMsmNota, serieEnvio, anexarXmlEmail, idCSC, cSC, informacaoAdd, certificado, senha, salvarSenha, cfopPadrao, confSMTP,create_user,create_date,modify_user,modify_date)values
( 10001, 'presCompr_1',true, 1469713027499, 10001, 10001, 10001, 10001, 'ambienteEnvio_8', 10001, 'serieEnvio_10',true, 'idCSC_12', 'cSC_13', 'informacaoAdd_14', 'certificado_15', 'senha_16',true, 'cfopPadrao_18', 'confSMTP_19','system',1469713027499,'rod',1469713027499);

INSERT INTO ConfNFE( id, presCompr, destConsFinal, preencherDataHora, icmsPadrao, ipiPadrao, pisPadrao, cofinsPadrao, ambienteEnvio, servMsmNota, serieEnvio, anexarXmlEmail, idCSC, cSC, informacaoAdd, certificado, senha, salvarSenha, cfopPadrao, confSMTP,create_user,create_date,modify_user,modify_date)values
( 10002, 'presCompr_1',true, 1469713027499, 10002, 10002, 10002, 10002, 'ambienteEnvio_8', 10002, 'serieEnvio_10',true, 'idCSC_12', 'cSC_13', 'informacaoAdd_14', 'certificado_15', 'senha_16',true, 'cfopPadrao_18', 'confSMTP_19','system',1469713027499,'rod',1469713027499);

INSERT INTO ConfNFE( id, presCompr, destConsFinal, preencherDataHora, icmsPadrao, ipiPadrao, pisPadrao, cofinsPadrao, ambienteEnvio, servMsmNota, serieEnvio, anexarXmlEmail, idCSC, cSC, informacaoAdd, certificado, senha, salvarSenha, cfopPadrao, confSMTP,create_user,create_date,modify_user,modify_date)values
( 10003, 'presCompr_1',true, 1469713027499, 10003, 10003, 10003, 10003, 'ambienteEnvio_8', 10003, 'serieEnvio_10',true, 'idCSC_12', 'cSC_13', 'informacaoAdd_14', 'certificado_15', 'senha_16',true, 'cfopPadrao_18', 'confSMTP_19','system',1469713027499,'rod',1469713027499);

INSERT INTO ConfNFE( id, presCompr, destConsFinal, preencherDataHora, icmsPadrao, ipiPadrao, pisPadrao, cofinsPadrao, ambienteEnvio, servMsmNota, serieEnvio, anexarXmlEmail, idCSC, cSC, informacaoAdd, certificado, senha, salvarSenha, cfopPadrao, confSMTP,create_user,create_date,modify_user,modify_date)values
( 10004, 'presCompr_1',true, 1469713027499, 10004, 10004, 10004, 10004, 'ambienteEnvio_8', 10004, 'serieEnvio_10',true, 'idCSC_12', 'cSC_13', 'informacaoAdd_14', 'certificado_15', 'senha_16',true, 'cfopPadrao_18', 'confSMTP_19','system',1469713027499,'rod',1469713027499);

INSERT INTO Vendas( id, descontoMaxVenda, observacao, imprSegVia, imprAssinatura, imprResumoFinanc, atuaPrecoClonar, imprColUnidade, bloquearvendProdSemEstoq, addDespCalcImposto, retSubstTribICMS,create_user,create_date,modify_user,modify_date)values
( 10000, 10000,true,true,true,true,true,true,true,true,true,'system',1469713027499,'rod',1469713027499);

INSERT INTO Vendas( id, descontoMaxVenda, observacao, imprSegVia, imprAssinatura, imprResumoFinanc, atuaPrecoClonar, imprColUnidade, bloquearvendProdSemEstoq, addDespCalcImposto, retSubstTribICMS,create_user,create_date,modify_user,modify_date)values
( 10001, 10001,true,true,true,true,true,true,true,true,true,'system',1469713027499,'rod',1469713027499);

INSERT INTO Vendas( id, descontoMaxVenda, observacao, imprSegVia, imprAssinatura, imprResumoFinanc, atuaPrecoClonar, imprColUnidade, bloquearvendProdSemEstoq, addDespCalcImposto, retSubstTribICMS,create_user,create_date,modify_user,modify_date)values
( 10002, 10002,true,true,true,true,true,true,true,true,true,'system',1469713027500,'rod',1469713027500);

INSERT INTO Vendas( id, descontoMaxVenda, observacao, imprSegVia, imprAssinatura, imprResumoFinanc, atuaPrecoClonar, imprColUnidade, bloquearvendProdSemEstoq, addDespCalcImposto, retSubstTribICMS,create_user,create_date,modify_user,modify_date)values
( 10003, 10003,true,true,true,true,true,true,true,true,true,'system',1469713027500,'rod',1469713027500);

INSERT INTO Vendas( id, descontoMaxVenda, observacao, imprSegVia, imprAssinatura, imprResumoFinanc, atuaPrecoClonar, imprColUnidade, bloquearvendProdSemEstoq, addDespCalcImposto, retSubstTribICMS,create_user,create_date,modify_user,modify_date)values
( 10004, 10004,true,true,true,true,true,true,true,true,true,'system',1469713027500,'rod',1469713027500);

INSERT INTO Configuracao( id, confGeral, confNFe, confFiscal, confProd, confVendas, confCMTP, confEntrada, confCarne,create_user,create_date,modify_user,modify_date)values
( 10000, 'confGeral_1', 'confNFe_2', 'confFiscal_3', 'confProd_4', 'confVendas_5', 'confCMTP_6', 'confEntrada_7', 'confCarne_8','system',1469713027500,'rod',1469713027500);

INSERT INTO Configuracao( id, confGeral, confNFe, confFiscal, confProd, confVendas, confCMTP, confEntrada, confCarne,create_user,create_date,modify_user,modify_date)values
( 10001, 'confGeral_1', 'confNFe_2', 'confFiscal_3', 'confProd_4', 'confVendas_5', 'confCMTP_6', 'confEntrada_7', 'confCarne_8','system',1469713027500,'rod',1469713027500);

INSERT INTO Configuracao( id, confGeral, confNFe, confFiscal, confProd, confVendas, confCMTP, confEntrada, confCarne,create_user,create_date,modify_user,modify_date)values
( 10002, 'confGeral_1', 'confNFe_2', 'confFiscal_3', 'confProd_4', 'confVendas_5', 'confCMTP_6', 'confEntrada_7', 'confCarne_8','system',1469713027500,'rod',1469713027500);

INSERT INTO Configuracao( id, confGeral, confNFe, confFiscal, confProd, confVendas, confCMTP, confEntrada, confCarne,create_user,create_date,modify_user,modify_date)values
( 10003, 'confGeral_1', 'confNFe_2', 'confFiscal_3', 'confProd_4', 'confVendas_5', 'confCMTP_6', 'confEntrada_7', 'confCarne_8','system',1469713027500,'rod',1469713027500);

INSERT INTO Configuracao( id, confGeral, confNFe, confFiscal, confProd, confVendas, confCMTP, confEntrada, confCarne,create_user,create_date,modify_user,modify_date)values
( 10004, 'confGeral_1', 'confNFe_2', 'confFiscal_3', 'confProd_4', 'confVendas_5', 'confCMTP_6', 'confEntrada_7', 'confCarne_8','system',1469713027500,'rod',1469713027500);
